id;nit_id;reason;description;status
1;87703;Fresh Rest;benchmark 24;black
2;37697;Berkshire Analyst state;Route;Mouse robust
3;37928;Indiana Orchestrator Faso;Refined 4th;Macedonia empower hack
4;56760;Electronics;solutions;Inverse
5;41154;Ergonomic rich Tactics;Identity redundant;compressing Station
6;45852;mission-critical Buckinghamshire Division;Small generating mindshare;Loan 1080p
7;6930;strategy;user-facing Specialist Gorgeous;Account hacking
8;21820;parse;Plains;methodologies
9;93731;groupware Fundamental;Unbranded;Ergonomic application
10;91216;Research Realigned XSS;lime Summit;Loan
